{
  "properties": {
    "connectionReferences": {
      "shared_commondataserviceforapps": {
        "runtimeSource": "embedded",
        "connection": {
          "connectionReferenceLogicalName": "new_sharedcommondataserviceforapps_e5e59"
        },
        "api": {
          "name": "shared_commondataserviceforapps"
        }
      }
    },
    "definition": {
      "$schema": "https://schema.management.azure.com/providers/Microsoft.Logic/schemas/2016-06-01/workflowdefinition.json#",
      "contentVersion": "1.0.0.0",
      "parameters": {
        "$connections": {
          "defaultValue": {},
          "type": "Object"
        },
        "$authentication": {
          "defaultValue": {},
          "type": "SecureObject"
        }
      },
      "triggers": {
        "manual": {
          "metadata": {
            "operationMetadataId": "877008fd-920b-4a1e-a2b7-2155a2f09d84"
          },
          "type": "Request",
          "kind": "PowerApp",
          "inputs": {
            "schema": {
              "type": "object",
              "properties": {
                "InitializeFetchCount_Value": {
                  "type": "integer",
                  "description": "Enter initial value",
                  "x-ms-powerflows-param-ispartial": false
                },
                "InitializePageNumber_Value": {
                  "type": "integer",
                  "description": "Enter initial value",
                  "x-ms-powerflows-param-ispartial": false
                },
                "InitializePagingCookie_Value": {
                  "type": "string",
                  "description": "Enter initial value",
                  "x-ms-powerflows-param-ispartial": false
                }
              },
              "required": [
                "InitializeFetchCount_Value",
                "InitializePageNumber_Value",
                "InitializePagingCookie_Value"
              ]
            }
          }
        }
      },
      "actions": {
        "Initialize_Page_Number": {
          "runAfter": {},
          "metadata": {
            "operationMetadataId": "5e27c968-3750-409d-880d-41f3024286a9"
          },
          "type": "InitializeVariable",
          "inputs": {
            "variables": [
              {
                "name": "Page Number",
                "type": "integer",
                "value": "@triggerBody()['InitializePageNumber_Value']"
              }
            ]
          }
        },
        "Initialize_Records_Per_Page": {
          "runAfter": {
            "Initialize_Page_Number": [
              "Succeeded"
            ]
          },
          "metadata": {
            "operationMetadataId": "5560beb5-8ae6-48ff-9ef4-7feab81a9575"
          },
          "type": "InitializeVariable",
          "inputs": {
            "variables": [
              {
                "name": "Fetch Count",
                "type": "integer",
                "value": "@triggerBody()['InitializeFetchCount_Value']"
              }
            ]
          }
        },
        "Initialize_JSON_for_Xml_Parsing": {
          "runAfter": {
            "Compose_Paging_Cookie": [
              "Succeeded"
            ]
          },
          "metadata": {
            "operationMetadataId": "72937bd9-6150-4163-a226-9531bf31c9c7"
          },
          "type": "InitializeVariable",
          "inputs": {
            "variables": [
              {
                "name": "JSON For Xml Parsing",
                "type": "object",
                "value": {
                  "a": ""
                }
              }
            ]
          }
        },
        "List_Accounts": {
          "runAfter": {
            "Initialize_JSON_for_Xml_Parsing": [
              "Succeeded"
            ]
          },
          "metadata": {
            "operationMetadataId": "67c86960-aa5e-48d1-9d1e-21d9dd4a82d9"
          },
          "type": "OpenApiConnection",
          "inputs": {
            "host": {
              "connectionName": "shared_commondataserviceforapps",
              "operationId": "ListRecords",
              "apiId": "/providers/Microsoft.PowerApps/apis/shared_commondataserviceforapps"
            },
            "parameters": {
              "entityName": "accounts",
              "fetchXml": "<fetch count='@{variables('Fetch Count')}' page='@{variables('Page Number')}'  @{if(equals(variables('Page Number'),1),'',concat('paging-cookie=''', substring(first(skip(split(string(xml(setProperty(variables('JSON For Xml Parsing'),'a',outputs('Compose_Paging_Cookie')))),'<'),1)),2),''''))} returntotalrecordcount='true'>\n<entity name='account'>\n<attribute name='name'/>\n<order attribute='name' descending='true'/>\n</entity>\n</fetch>"
            },
            "authentication": {
              "type": "Raw",
              "value": "@json(decodeBase64(triggerOutputs().headers['X-MS-APIM-Tokens']))['$ConnectionKey']"
            }
          }
        },
        "Initialize_FetchXml_Paging_Cookie": {
          "runAfter": {
            "Initialize_Paging_Cookie": [
              "Succeeded"
            ]
          },
          "metadata": {
            "operationMetadataId": "7b02ce86-4efc-4a1f-8ef5-00782c92b963"
          },
          "type": "InitializeVariable",
          "inputs": {
            "variables": [
              {
                "name": "FetchXml Paging Cookie",
                "type": "string",
                "value": "@{if(empty(variables('Paging Cookie')),'',decodeUriComponent(decodeUriComponent(variables('Paging Cookie'))))}"
              }
            ]
          }
        },
        "Initialize_Paging_Cookie": {
          "runAfter": {
            "Initialize_Records_Per_Page": [
              "Succeeded"
            ]
          },
          "metadata": {
            "operationMetadataId": "c70cb861-5f27-4832-ba9d-d143c490142a"
          },
          "type": "InitializeVariable",
          "inputs": {
            "variables": [
              {
                "name": "Paging Cookie",
                "type": "string",
                "value": "@{triggerBody()['InitializePagingCookie_Value']}"
              }
            ]
          }
        },
        "Response": {
          "runAfter": {
            "Compose": [
              "Succeeded"
            ]
          },
          "metadata": {
            "operationMetadataId": "97741611-9bb5-448b-b925-97f9cbc66fb7"
          },
          "type": "Response",
          "kind": "Http",
          "inputs": {
            "statusCode": 200,
            "body": "@body('List_Accounts')",
            "schema": {
              "type": "object",
              "properties": {
                "@@odata.context": {
                  "type": "string"
                },
                "#Microsoft.Dynamics.CRM.DeleteMultiple": {
                  "type": "object",
                  "properties": {
                    "title": {
                      "type": "string"
                    },
                    "target": {
                      "type": "string"
                    }
                  }
                },
                "@@Microsoft.Dynamics.CRM.totalrecordcount": {
                  "type": "integer"
                },
                "@@Microsoft.Dynamics.CRM.totalrecordcountlimitexceeded": {
                  "type": "boolean"
                },
                "@@Microsoft.Dynamics.CRM.globalmetadataversion": {
                  "type": "string"
                },
                "@@Microsoft.Dynamics.CRM.fetchxmlpagingcookie": {
                  "type": "string"
                },
                "@@Microsoft.Dynamics.CRM.morerecords": {
                  "type": "boolean"
                },
                "value": {
                  "type": "array",
                  "items": {
                    "type": "object",
                    "properties": {
                      "@@odata.type": {
                        "type": "string"
                      },
                      "@@odata.id": {
                        "type": "string"
                      },
                      "@@odata.etag": {
                        "type": "string"
                      },
                      "@@odata.editLink": {
                        "type": "string"
                      },
                      "name": {
                        "type": "string"
                      },
                      "accountid@odata.type": {
                        "type": "string"
                      },
                      "accountid": {
                        "type": "string"
                      }
                    },
                    "required": [
                      "@@odata.type",
                      "@@odata.id",
                      "@@odata.etag",
                      "@@odata.editLink",
                      "name",
                      "accountid@odata.type",
                      "accountid"
                    ]
                  }
                }
              }
            }
          }
        },
        "Compose": {
          "runAfter": {
            "List_Accounts": [
              "Succeeded"
            ]
          },
          "metadata": {
            "operationMetadataId": "2ee096d6-b2a8-4eb0-8f16-5d9d80db5b3e"
          },
          "type": "Compose",
          "inputs": "@body('List_Accounts')"
        },
        "Compose_Paging_Cookie": {
          "runAfter": {
            "Initialize_FetchXml_Paging_Cookie": [
              "Succeeded"
            ]
          },
          "metadata": {
            "operationMetadataId": "8632eacf-aae4-45a1-9c23-00d4922505d9"
          },
          "type": "Compose",
          "inputs": "@if(empty(variables('FetchXml Paging Cookie')),'',replace(substring(variables('FetchXml Paging Cookie'),add(indexOf(variables('FetchXml Paging Cookie'),'pagingcookie=\"'),14)),'\" istracking=\"False\" />',''))"
        }
      }
    },
    "templateName": ""
  },
  "schemaVersion": "1.0.0.0"
}